name,job_title,gender,email
Matelda Hyslop,Quality Control Specialist,Female,mhyslop0@yellowpages.com
Genni Ridd,Senior Quality Engineer,Female,gridd1@live.com
Evaleen Ouslem,Marketing Assistant,Female,eouslem2@de.vu
Ailis Carlile,Computer Systems Analyst IV,Male,acarlile3@guardian.co.uk
Saxon Weatherburn,Recruiting Manager,Female,sweatherburn4@webeden.co.uk
Aylmar De Stoop,Budget/Accounting Analyst IV,Male,ade5@baidu.com
Aubrette Hollier,Structural Analysis Engineer,Male,ahollier6@squarespace.com
Niki Gifkins,Staff Scientist,Male,ngifkins7@ox.ac.uk
Violet Deniseau,Quality Engineer,Male,vdeniseau8@list-manage.com
Carree Went,Environmental Specialist,Female,cwent9@networkadvertising.org
Farr Reiner,Occupational Therapist,Female,freinera@slideshare.net
Corabel Mosedill,Structural Engineer,Male,cmosedillb@macromedia.com
Olivia Dederick,Chief Design Engineer,Female,odederickc@dagondesign.com
Mathe Bunton,Financial Analyst,Female,mbuntond@discovery.com
Becki Whiteway,Community Outreach Specialist,Male,bwhitewaye@yellowbook.com
Cole Terbeck,Web Designer IV,Female,cterbeckf@indiatimes.com
Laurena Hessay,Director of Sales,Female,lhessayg@digg.com
Jerrine Rew,Sales Associate,Male,jrewh@g.co
Barrett Prestland,Junior Executive,Male,bprestlandi@nih.gov
Dion Braunds,Sales Associate,Female,dbraundsj@bloglines.com
Gilles Lamy,Administrative Assistant I,Female,glamyk@pbs.org
Parnell Canape,Assistant Professor,Female,pcanapel@newsvine.com
Aidan Peres,Assistant Manager,Male,aperesm@devhub.com
Hobey Blincow,Statistician IV,Female,hblincown@delicious.com
Earvin Sier,Senior Quality Engineer,Female,esiero@msn.com
Ainslie Jubert,Account Representative I,Male,ajubertp@eepurl.com
Robbyn Ofer,Assistant Manager,Male,roferq@ehow.com
Celestine Chidler,Clinical Specialist,Male,cchidlerr@ca.gov
Davide Bubear,Pharmacist,Male,dbubears@bing.com
Glynnis Matthews,Software Engineer II,Female,gmatthewst@photobucket.com
Fan Avramov,Assistant Professor,Female,favramovu@cnn.com
Farrah Casserley,Project Manager,Female,fcasserleyv@google.co.jp
Winnie Cund,Engineer III,Male,wcundw@weebly.com
Debor Vain,Office Assistant III,Female,dvainx@shop-pro.jp
Rey Shaefer,Software Consultant,Female,rshaefery@msu.edu
Henka Baldrey,Account Executive,Male,hbaldreyz@gov.uk
Garrick Ruzic,Recruiter,Female,gruzic10@shutterfly.com
Harley Paolazzi,Recruiter,Male,hpaolazzi11@discuz.net
Amelie Sloam,Computer Systems Analyst III,Female,asloam12@google.co.jp
Maury Whylie,Clinical Specialist,Male,mwhylie13@bloomberg.com
Denice Lamboll,Nuclear Power Engineer,Male,dlamboll14@nasa.gov
Gael Cowhig,Automation Specialist II,Male,gcowhig15@techcrunch.com
Nadya Dunnan,Software Consultant,Female,ndunnan16@arizona.edu
Haily Huntingdon,Statistician I,Female,hhuntingdon17@toplist.cz
Cynde Atkyns,Senior Cost Accountant,Female,catkyns18@google.de
Sterling Clair,Structural Analysis Engineer,Male,sclair19@ucoz.com
Jean Iron,Senior Quality Engineer,Male,jiron1a@addtoany.com
Glynis Antosch,Accounting Assistant III,Male,gantosch1b@shinystat.com
Goldie Yorkston,Biostatistician I,Male,gyorkston1c@elpais.com
Ilise Dupoy,Project Manager,Female,idupoy1d@slate.com
Benny Drance,VP Quality Control,Female,bdrance1e@odnoklassniki.ru
Andie Di Filippo,Pharmacist,Male,adi1f@go.com
Carlotta Renshaw,Senior Cost Accountant,Male,crenshaw1g@harvard.edu
Gracie Belamy,Assistant Professor,Female,gbelamy1h@buzzfeed.com
Isabeau Mattusov,Accounting Assistant I,Male,imattusov1i@reddit.com
Jacintha Crowche,Desktop Support Technician,Male,jcrowche1j@hibu.com
Corabelle Herculson,Analog Circuit Design manager,Female,cherculson1k@yahoo.co.jp
Binky Kenelin,Operator,Female,bkenelin1l@fema.gov
Maud Monelle,Quality Control Specialist,Male,mmonelle1m@thetimes.co.uk
Reamonn Rodders,Senior Quality Engineer,Female,rrodders1n@skype.com
Boot Filippyev,Human Resources Assistant II,Male,bfilippyev1o@hubpages.com
Renaud Lavies,Database Administrator IV,Female,rlavies1p@census.gov
Vikky MacGaughy,Physical Therapy Assistant,Female,vmacgaughy1q@weibo.com
Lesley Linay,Compensation Analyst,Male,llinay1r@mit.edu
Marcellus Holdall,Financial Analyst,Male,mholdall1s@paypal.com
Tania Collyer,Pharmacist,Male,tcollyer1t@123-reg.co.uk
Caye Denerley,Developer III,Female,cdenerley1u@quantcast.com
Erie Pfaff,Developer IV,Female,epfaff1v@dion.ne.jp
Irina Darko,Information Systems Manager,Female,idarko1w@hao123.com
Norbie Dimberline,Technical Writer,Female,ndimberline1x@netlog.com
Carlo Curado,Safety Technician IV,Female,ccurado1y@tinypic.com
Orsa Muscott,Help Desk Technician,Female,omuscott1z@nymag.com
Antoine Stainsby,Nurse,Female,astainsby20@wufoo.com
Patrizio Boullin,Research Assistant IV,Male,pboullin21@wunderground.com
Fanchette Cholmondeley,Electrical Engineer,Female,fcholmondeley22@usda.gov
Janek Floodgate,Dental Hygienist,Male,jfloodgate23@go.com
Dreddy Kynd,Help Desk Technician,Female,dkynd24@hao123.com
Clyve Eakle,Senior Cost Accountant,Male,ceakle25@1688.com
Chloe Holttom,Desktop Support Technician,Male,cholttom26@wikia.com
Ara Trowsdall,Administrative Officer,Female,atrowsdall27@odnoklassniki.ru
Meghann Sommerfeld,Recruiter,Female,msommerfeld28@earthlink.net
Lindsay Glynne,Operator,Female,lglynne29@marriott.com
Dorelia Greeves,Project Manager,Female,dgreeves2a@devhub.com
Meade Doone,Chemical Engineer,Female,mdoone2b@typepad.com
Ola Paddick,Environmental Specialist,Male,opaddick2c@constantcontact.com
Darwin Giamo,Senior Financial Analyst,Male,dgiamo2d@wp.com
Berk Silver,Accountant I,Female,bsilver2e@upenn.edu
Nichols Geraud,Recruiting Manager,Female,ngeraud2f@nytimes.com
Idelle Thresh,Media Manager IV,Female,ithresh2g@squarespace.com
Lothaire Troyes,GIS Technical Architect,Male,ltroyes2h@networkadvertising.org
Wolfie Lambirth,Civil Engineer,Male,wlambirth2i@icq.com
Janessa Varty,Health Coach III,Female,jvarty2j@economist.com
Carlo Ference,Executive Secretary,Female,cference2k@simplemachines.org
Amalee Routley,Environmental Specialist,Male,aroutley2l@mlb.com
Kirsti Margetson,Accountant III,Male,kmargetson2m@surveymonkey.com
Ellary Danbrook,Assistant Manager,Female,edanbrook2n@woothemes.com
Eveline MacArthur,Account Executive,Male,emacarthur2o@cdbaby.com
Winston Perin,Biostatistician I,Female,wperin2p@hibu.com
Cazzie Housby,Compensation Analyst,Male,chousby2q@unesco.org
Griswold Blackledge,Account Executive,Male,gblackledge2r@twitter.com
Nelli Waddup,Marketing Assistant,Male,nwaddup2s@is.gd
Aymer Meak,Analyst Programmer,Male,ameak2t@woothemes.com
Danielle Olivetta,Nuclear Power Engineer,Female,dolivetta2u@themeforest.net
Rolland Ninnis,Librarian,Female,rninnis2v@army.mil
Jourdain Strond,Nurse Practicioner,Male,jstrond2w@icq.com
Melony Semaine,Web Developer I,Male,msemaine2x@narod.ru
Brandtr Domleo,Research Associate,Female,bdomleo2y@ucoz.com
Lindy Pharrow,Civil Engineer,Male,lpharrow2z@tumblr.com
Byran Guilder,Account Executive,Male,bguilder30@nbcnews.com
Darda Beades,Speech Pathologist,Female,dbeades31@ucoz.com
Shaina Durber,Health Coach II,Female,sdurber32@ihg.com
Jae Peplaw,Media Manager I,Female,jpeplaw33@mtv.com
Lenore Jurewicz,Design Engineer,Male,ljurewicz34@devhub.com
Burr Dongate,Senior Editor,Female,bdongate35@wp.com
Tamara Ygou,Dental Hygienist,Female,tygou36@accuweather.com
Rory Jeannet,Environmental Tech,Male,rjeannet37@weebly.com
Kori Baxstair,Automation Specialist III,Male,kbaxstair38@paginegialle.it
Celina Rosita,Environmental Specialist,Male,crosita39@google.ru
Dulcea Rosenfrucht,Recruiter,Male,drosenfrucht3a@rambler.ru
Otho Ewells,Web Developer IV,Female,oewells3b@phpbb.com
Karena Craddock,VP Quality Control,Female,kcraddock3c@bravesites.com
Ailina O'Tierney,Editor,Male,aotierney3d@gmpg.org
Rowena Hughes,Professor,Female,rhughes3e@ted.com
Gavra Barensky,Web Developer III,Female,gbarensky3f@ask.com
Robenia Bohden,Human Resources Manager,Male,rbohden3g@odnoklassniki.ru
Wilone Giraudou,Structural Engineer,Male,wgiraudou3h@google.pl
Wood Hollows,Software Consultant,Male,whollows3i@printfriendly.com
Willabella MacDearmont,Web Developer III,Male,wmacdearmont3j@fda.gov
Merrily Pocklington,Help Desk Technician,Male,mpocklington3k@usatoday.com
Rinaldo Mulcahy,Recruiting Manager,Male,rmulcahy3l@dedecms.com
Kip MacCarrick,Chief Design Engineer,Female,kmaccarrick3m@auda.org.au
Debee Liggons,Web Developer III,Female,dliggons3n@soup.io
Lammond Allnatt,Help Desk Operator,Male,lallnatt3o@netlog.com
Diahann Keady,Chemical Engineer,Male,dkeady3p@deviantart.com
Breena Bigadike,Software Engineer I,Female,bbigadike3q@csmonitor.com
Annabel Greystock,Environmental Tech,Male,agreystock3r@nba.com
Gwenora Matysiak,Senior Sales Associate,Female,gmatysiak3s@reference.com
Normand Yearby,Staff Scientist,Female,nyearby3t@free.fr
Travers Capponer,Research Associate,Female,tcapponer3u@arstechnica.com
Tania Van Weedenburg,Office Assistant IV,Female,tvan3v@etsy.com
Thacher Butland,Administrative Assistant IV,Male,tbutland3w@mail.ru
Cori Rampling,Accountant I,Female,crampling3x@sakura.ne.jp
Adrianna Nockolds,Executive Secretary,Female,anockolds3y@weebly.com
Hermie Arnull,Media Manager IV,Male,harnull3z@psu.edu
Lamar Manus,Nurse Practicioner,Female,lmanus40@google.fr
Fraze Horrell,Marketing Manager,Female,fhorrell41@patch.com
Kenn Stennet,Legal Assistant,Female,kstennet42@jigsy.com
Branden Holley,Research Assistant III,Male,bholley43@state.tx.us
Ricoriki Oatley,Software Test Engineer I,Female,roatley44@godaddy.com
Maegan Darcy,VP Sales,Female,mdarcy45@unesco.org
Derrik Como,Staff Scientist,Male,dcomo46@shareasale.com
Jarrett Monger,Executive Secretary,Female,jmonger47@surveymonkey.com
Fields Kesley,Electrical Engineer,Female,fkesley48@washingtonpost.com
Carson Folan,Senior Financial Analyst,Male,cfolan49@weebly.com
Teriann Donaldson,Food Chemist,Male,tdonaldson4a@sohu.com
George Gounod,Account Coordinator,Male,ggounod4b@miitbeian.gov.cn
Dede Farragher,Associate Professor,Female,dfarragher4c@163.com
Poul Readett,Design Engineer,Male,preadett4d@last.fm
Fairlie O'Hollegan,VP Product Management,Female,fohollegan4e@umn.edu
Peyton Klimmek,General Manager,Male,pklimmek4f@skype.com
Reba Lewerenz,Human Resources Assistant I,Female,rlewerenz4g@census.gov
Esmeralda Falconar,Software Test Engineer II,Female,efalconar4h@com.com
Dag Brognot,Administrative Officer,Male,dbrognot4i@noaa.gov
Madlin Kirsop,Structural Engineer,Female,mkirsop4j@mapy.cz
Reggis Monteath,Speech Pathologist,Female,rmonteath4k@youtu.be
Angie Tattershall,Staff Scientist,Female,atattershall4l@mit.edu
Bart Deaton,Recruiter,Female,bdeaton4m@chicagotribune.com
Eadith Lung,Teacher,Female,elung4n@cnbc.com
Hugh Marking,VP Sales,Female,hmarking4o@accuweather.com
Jehu Fenn,GIS Technical Architect,Female,jfenn4p@youtube.com
Monica Lorenzetto,Systems Administrator III,Female,mlorenzetto4q@twitpic.com
Cammy Arpino,Financial Advisor,Male,carpino4r@cnn.com
Darcy Bignell,Senior Developer,Female,dbignell4s@mtv.com
Boone Gazey,Assistant Professor,Male,bgazey4t@hc360.com
Archibaldo Petrazzi,Cost Accountant,Female,apetrazzi4u@oakley.com
Felisha Tompkiss,Research Nurse,Male,ftompkiss4v@skyrock.com
Olin Rabbitts,Software Test Engineer I,Male,orabbitts4w@google.com.hk
Esta Pyford,Civil Engineer,Male,epyford4x@bandcamp.com
Bab Klainer,Product Engineer,Female,bklainer4y@google.nl
Ring Oldcroft,Human Resources Manager,Female,roldcroft4z@pinterest.com
Hyacinthie Clethro,Computer Systems Analyst I,Male,hclethro50@washingtonpost.com
Melodie Ellam,Internal Auditor,Female,mellam51@slideshare.net
Kameko Downs,Help Desk Operator,Male,kdowns52@bloglovin.com
Cori Belford,Web Designer III,Female,cbelford53@va.gov
Lou Leonards,Senior Cost Accountant,Female,lleonards54@rakuten.co.jp
Hashim Gostyke,Environmental Tech,Male,hgostyke55@ucoz.com
Neron Trebilcock,Web Developer II,Female,ntrebilcock56@istockphoto.com
Corbet Dufer,Technical Writer,Male,cdufer57@multiply.com
Layton Bills,Research Assistant IV,Female,lbills58@hubpages.com
Viviana Lutwyche,Senior Editor,Male,vlutwyche59@senate.gov
Prentiss Racher,Librarian,Male,pracher5a@qq.com
Maddie Salway,Senior Financial Analyst,Female,msalway5b@google.com
Giacinta Orrow,Automation Specialist II,Female,gorrow5c@paypal.com
Serene Flaubert,Accounting Assistant IV,Female,sflaubert5d@meetup.com
Hunt Wimpeney,Legal Assistant,Female,hwimpeney5e@friendfeed.com
Dorella Ilyinski,Sales Representative,Male,dilyinski5f@vistaprint.com
Karyn Attwoul,Project Manager,Male,kattwoul5g@sciencedaily.com
Robby McTurk,Nuclear Power Engineer,Female,rmcturk5h@oaic.gov.au
Rora Castles,Analyst Programmer,Female,rcastles5i@com.com
Ruby Menelaws,Financial Advisor,Male,rmenelaws5j@soup.io
Karlis Pina,Senior Editor,Female,kpina5k@ow.ly
Aluino Skewes,Analyst Programmer,Female,askewes5l@soundcloud.com
Zach Bridywater,Engineer IV,Male,zbridywater5m@vkontakte.ru
Fonz Duckerin,Tax Accountant,Male,fduckerin5n@rediff.com
Halley Tolomio,VP Product Management,Female,htolomio5o@usatoday.com
Marve Vel,Civil Engineer,Male,mvel5p@google.cn
Daveen Reeme,Staff Scientist,Female,dreeme5q@cbsnews.com
Tallie Hegge,Cost Accountant,Male,thegge5r@rambler.ru
Loraine Ecclestone,Social Worker,Female,lecclestone5s@chronoengine.com
Emily Bedinn,VP Accounting,Female,ebedinn5t@netlog.com
Griz Fenelow,VP Quality Control,Male,gfenelow5u@a8.net
Rees Vlasenkov,Account Executive,Female,rvlasenkov5v@sciencedaily.com
Danit Davidsson,Biostatistician II,Female,ddavidsson5w@csmonitor.com
Granger McCathy,Software Test Engineer III,Male,gmccathy5x@trellian.com
Alis MacClancey,Marketing Manager,Female,amacclancey5y@nymag.com
Mia Rippingall,VP Sales,Male,mrippingall5z@blogs.com
Glenn Waplington,Senior Developer,Male,gwaplington60@cyberchimps.com
Reggie Moggan,Data Coordiator,Female,rmoggan61@ifeng.com
Aime Baunton,Senior Quality Engineer,Female,abaunton62@wired.com
Courtney Gerdes,Social Worker,Female,cgerdes63@uol.com.br
Abigale Hubner,Senior Financial Analyst,Male,ahubner64@vkontakte.ru
Cahra Barczewski,Marketing Assistant,Female,cbarczewski65@addtoany.com
Margarita Pattlel,VP Accounting,Female,mpattlel66@arizona.edu
Emelda Gloster,Programmer Analyst IV,Female,egloster67@lulu.com
Earle Lecordier,Software Test Engineer I,Male,elecordier68@freewebs.com
Renaldo Seakes,Pharmacist,Female,rseakes69@google.pl
Horatius Belli,Executive Secretary,Female,hbelli6a@about.com
Zechariah Hedman,Programmer Analyst III,Male,zhedman6b@diigo.com
Hayyim Jeannesson,Chemical Engineer,Male,hjeannesson6c@yahoo.co.jp
Nessi Rudderham,Automation Specialist I,Female,nrudderham6d@state.tx.us
Dannie Beston,Assistant Media Planner,Male,dbeston6e@springer.com
Porter Losano,Compensation Analyst,Female,plosano6f@de.vu
Kennan Thaxter,Actuary,Female,kthaxter6g@webeden.co.uk
Baldwin Musto,Desktop Support Technician,Male,bmusto6h@jalbum.net
Sherm Gobbett,Data Coordiator,Female,sgobbett6i@cornell.edu
Margaux Persitt,Paralegal,Male,mpersitt6j@ifeng.com
Clary Lenaghen,Electrical Engineer,Female,clenaghen6k@mapquest.com
Ilsa Eldred,Director of Sales,Female,ieldred6l@yellowbook.com
Maxim MacAndie,Senior Financial Analyst,Male,mmacandie6m@boston.com
Kylila McKeran,Computer Systems Analyst IV,Female,kmckeran6n@indiatimes.com
Johnny Sambeck,Software Engineer II,Female,jsambeck6o@jiathis.com
Aliza Getty,GIS Technical Architect,Male,agetty6p@addtoany.com
Mady Ludye,Paralegal,Male,mludye6q@mtv.com
Ana Pritchett,Biostatistician I,Female,apritchett6r@g.co
Cecil Sineath,Staff Accountant III,Female,csineath6s@wiley.com
Homerus Griffoen,Information Systems Manager,Female,hgriffoen6t@globo.com
Delmer Worg,Registered Nurse,Male,dworg6u@t-online.de
Giulietta Harbach,Chief Design Engineer,Female,gharbach6v@phpbb.com
Kizzie Nudds,Legal Assistant,Female,knudds6w@biblegateway.com
Arnoldo Judge,Geologist II,Female,ajudge6x@multiply.com
Merry Griggs,Senior Cost Accountant,Female,mgriggs6y@cyberchimps.com
Nani Hamp,Biostatistician II,Female,nhamp6z@sphinn.com
Chandler Siddle,Design Engineer,Male,csiddle70@nymag.com
Corabel Spenceley,Dental Hygienist,Male,cspenceley71@auda.org.au
Al Emanuelli,Executive Secretary,Male,aemanuelli72@xrea.com
Maynord Greaterex,Executive Secretary,Male,mgreaterex73@cdbaby.com
Bobette Weins,Cost Accountant,Male,bweins74@unc.edu
Rodie Ludlow,Clinical Specialist,Female,rludlow75@ameblo.jp
Jefferey Voelker,Human Resources Assistant II,Male,jvoelker76@sina.com.cn
Leon Piatto,Software Consultant,Female,lpiatto77@xinhuanet.com
Eddie Kiley,Engineer II,Female,ekiley78@webeden.co.uk
Valerye Rivilis,Nurse Practicioner,Male,vrivilis79@tinyurl.com
Nicola Mc Giffin,Senior Quality Engineer,Male,nmc7a@hostgator.com
Denys Redington,Software Engineer I,Female,dredington7b@t-online.de
Carleton Lunn,Environmental Specialist,Female,clunn7c@newsvine.com
Chance Bembridge,Administrative Assistant II,Female,cbembridge7d@lulu.com
Julietta McNea,Product Engineer,Female,jmcnea7e@example.com
Dorena Delieu,Cost Accountant,Male,ddelieu7f@123-reg.co.uk
Edie Cockitt,Assistant Professor,Male,ecockitt7g@yandex.ru
Dasya Mioni,Marketing Manager,Male,dmioni7h@bloomberg.com
Rriocard Lawton,Internal Auditor,Male,rlawton7i@csmonitor.com
Nicolea Juschka,Assistant Manager,Male,njuschka7j@dot.gov
Vincents Pessold,Computer Systems Analyst II,Female,vpessold7k@friendfeed.com
Sallie Sinclair,Accounting Assistant III,Female,ssinclair7l@google.co.uk
Aridatha Phripp,Physical Therapy Assistant,Female,aphripp7m@npr.org
Reinwald Edgeon,Media Manager II,Male,redgeon7n@nytimes.com
Minette Greve,Recruiter,Female,mgreve7o@ucoz.ru
Ellary Scud,Librarian,Female,escud7p@dailymotion.com
Ferdy Vlasyuk,Director of Sales,Female,fvlasyuk7q@unblog.fr
Miquela Losty,Professor,Male,mlosty7r@hexun.com
Gavrielle Maultby,Budget/Accounting Analyst I,Female,gmaultby7s@digg.com
Miguel McGoldrick,Help Desk Technician,Male,mmcgoldrick7t@themeforest.net
Kaylee Dehm,Computer Systems Analyst IV,Male,kdehm7u@unc.edu
Brigida Sheffield,Pharmacist,Female,bsheffield7v@goo.ne.jp
Chelsae Gamble,Marketing Assistant,Female,cgamble7w@cisco.com
Sigismond Maasze,Pharmacist,Male,smaasze7x@trellian.com
Hulda Muggleston,VP Marketing,Female,hmuggleston7y@blogger.com
Aveline Berkely,Mechanical Systems Engineer,Male,aberkely7z@abc.net.au
Kyla Huscroft,Analog Circuit Design manager,Male,khuscroft80@multiply.com
Ailyn Matteoli,Social Worker,Male,amatteoli81@zdnet.com
Massimo Dartan,Account Executive,Male,mdartan82@networkadvertising.org
Cammy Shear,Geological Engineer,Male,cshear83@google.es
Hugh Manneville,Account Executive,Female,hmanneville84@comcast.net
Luelle Pearmine,Account Executive,Male,lpearmine85@wordpress.com
Ollie Rutty,Engineer I,Female,orutty86@angelfire.com
Karlee Daouze,Nurse Practicioner,Female,kdaouze87@utexas.edu
Mercie Jopke,Research Associate,Male,mjopke88@arizona.edu
Allys Tippett,Junior Executive,Female,atippett89@prlog.org
Analise Coldbreath,Assistant Manager,Female,acoldbreath8a@youtube.com
Gert Wyllcock,Senior Developer,Female,gwyllcock8b@reddit.com
Marna Attarge,VP Quality Control,Female,mattarge8c@sciencedirect.com
Bronny Oldaker,Paralegal,Female,boldaker8d@businessweek.com
Gib Chastanet,Operator,Male,gchastanet8e@blogs.com
Jerry Warmisham,Compensation Analyst,Male,jwarmisham8f@cisco.com
Chaim Heindrick,Design Engineer,Female,cheindrick8g@ucsd.edu
Barth Tallow,Research Assistant II,Female,btallow8h@ed.gov
Bronny Dillway,Administrative Officer,Male,bdillway8i@unicef.org
Salmon Hargreaves,GIS Technical Architect,Female,shargreaves8j@live.com
Anderea Pascho,Quality Control Specialist,Female,apascho8k@about.com
Jobyna Hriinchenko,Compensation Analyst,Male,jhriinchenko8l@vkontakte.ru
Nehemiah Chaff,Physical Therapy Assistant,Female,nchaff8m@pinterest.com
Anthia Gilhouley,Accountant IV,Male,agilhouley8n@chronoengine.com
Catherine Tidmarsh,Assistant Manager,Female,ctidmarsh8o@ow.ly
Vita Toupe,General Manager,Female,vtoupe8p@miibeian.gov.cn
Myrwyn Esby,Research Associate,Female,mesby8q@weibo.com
Brandtr Wicken,Executive Secretary,Male,bwicken8r@google.fr
Marjorie Klessmann,Safety Technician II,Male,mklessmann8s@friendfeed.com
Emelyne Schimann,Tax Accountant,Female,eschimann8t@dot.gov
Shena Styles,Environmental Tech,Female,sstyles8u@canalblog.com
Ellen Kiddye,Environmental Specialist,Male,ekiddye8v@oaic.gov.au
Windy Maxsted,Web Developer II,Female,wmaxsted8w@census.gov
Dulsea Adamkiewicz,Assistant Professor,Female,dadamkiewicz8x@eventbrite.com
Tina Donnellan,Accounting Assistant I,Male,tdonnellan8y@wikipedia.org
Ximenez Marsland,Biostatistician III,Female,xmarsland8z@t.co
Liv Adams,Biostatistician II,Female,ladams90@reuters.com
Sascha Loch,Teacher,Male,sloch91@go.com
Stafford Genicke,Editor,Female,sgenicke92@tiny.cc
Deirdre Fiddyment,Programmer I,Male,dfiddyment93@scientificamerican.com
Saidee Skill,Research Assistant I,Male,sskill94@google.nl
Welch MacGillacolm,Systems Administrator I,Female,wmacgillacolm95@freewebs.com
Johann Guite,Teacher,Female,jguite96@etsy.com
Debbi Tabner,Research Assistant III,Female,dtabner97@irs.gov
Ceil Spooner,GIS Technical Architect,Female,cspooner98@dion.ne.jp
Jermaine Mouland,Clinical Specialist,Male,jmouland99@google.com.br
Cassi Scartifield,Librarian,Female,cscartifield9a@ibm.com
Aurelie Gullick,Research Assistant IV,Male,agullick9b@com.com
Blinnie Etheridge,Payment Adjustment Coordinator,Female,betheridge9c@devhub.com
Aubree Maciejak,Quality Engineer,Female,amaciejak9d@princeton.edu
Rorie Jiggens,Executive Secretary,Male,rjiggens9e@a8.net
Tommy Musker,Cost Accountant,Female,tmusker9f@360.cn
Shelton Goodbody,Paralegal,Female,sgoodbody9g@kickstarter.com
Eulalie Pryce,Programmer II,Female,epryce9h@utexas.edu
Rem Wankling,Assistant Manager,Male,rwankling9i@tripod.com
Elysee MacCorley,Actuary,Female,emaccorley9j@state.tx.us
Clementius Seals,Actuary,Male,cseals9k@google.it
Danit Vallentine,VP Marketing,Female,dvallentine9l@so-net.ne.jp
Ferdy Lansly,Health Coach IV,Male,flansly9m@yahoo.com
Minne Livsey,Assistant Media Planner,Female,mlivsey9n@dagondesign.com
Darrell Short,Librarian,Male,dshort9o@java.com
Ced Hartshorn,VP Quality Control,Male,chartshorn9p@webmd.com
Vanny Llewellen,Computer Systems Analyst IV,Male,vllewellen9q@pen.io
Cross Epperson,Structural Analysis Engineer,Female,cepperson9r@multiply.com
Jason Cadd,Social Worker,Male,jcadd9s@ox.ac.uk
Simonne Radolf,Media Manager IV,Male,sradolf9t@sciencedirect.com
Maritsa Raspin,Analog Circuit Design manager,Male,mraspin9u@spiegel.de
Lenci Follit,Executive Secretary,Female,lfollit9v@taobao.com
Steffie Boichat,Registered Nurse,Male,sboichat9w@time.com
Kerry Holyard,Senior Editor,Male,kholyard9x@chicagotribune.com
Gilberte Frie,Environmental Tech,Female,gfrie9y@oracle.com
Walden Goeff,Developer II,Female,wgoeff9z@bbb.org
Mackenzie Letchmore,Nuclear Power Engineer,Female,mletchmorea0@dot.gov
Rip Bodell,Paralegal,Male,rbodella1@oracle.com
Harriott Arundel,Senior Editor,Female,harundela2@cmu.edu
Hobart Bradley,VP Marketing,Female,hbradleya3@walmart.com
Sylvester Maxwell,Software Test Engineer I,Female,smaxwella4@loc.gov
Cissy Sloey,Nurse,Female,csloeya5@360.cn
Libby Marquess,VP Marketing,Female,lmarquessa6@nsw.gov.au
Arron Setterthwait,Account Representative II,Male,asetterthwaita7@nytimes.com
Anjanette Leer,Analog Circuit Design manager,Male,aleera8@state.gov
Odessa Gres,GIS Technical Architect,Female,ogresa9@nationalgeographic.com
Morgun Di Biagio,Marketing Manager,Male,mdiaa@amazon.co.uk
Laryssa Gilstoun,Marketing Assistant,Male,lgilstounab@furl.net
Barnaby Haldane,Administrative Officer,Female,bhaldaneac@google.ca
Manfred Godbert,Software Engineer II,Female,mgodbertad@businessweek.com
Lanni Cleve,Help Desk Operator,Female,lcleveae@mozilla.org
Meriel Brome,Environmental Specialist,Female,mbromeaf@huffingtonpost.com
Tiertza Mulcock,Recruiting Manager,Female,tmulcockag@tripod.com
Gay Burtwistle,Senior Financial Analyst,Female,gburtwistleah@nymag.com
De witt Tenpenny,Assistant Manager,Male,dwittai@instagram.com
Erin Haslum,Nurse,Male,ehaslumaj@ihg.com
Jarrid Gandey,Environmental Specialist,Male,jgandeyak@friendfeed.com
Jared Jeves,Engineer II,Female,jjevesal@scribd.com
Kellen Pottiphar,Design Engineer,Male,kpottipharam@csmonitor.com
Cassy Limb,Database Administrator I,Male,climban@51.la
Gustavo Barbier,Paralegal,Female,gbarbierao@phoca.cz
Alfredo Thacker,Programmer IV,Male,athackerap@nps.gov
Sileas Whittek,VP Quality Control,Male,swhittekaq@ucsd.edu
Bartie O'Cridigan,Marketing Manager,Female,bocridiganar@eepurl.com
Ynes Stanger,Sales Representative,Male,ystangeras@hatena.ne.jp
Drugi O'Kennavain,Software Engineer I,Male,dokennavainat@amazon.com
Mortimer Williamson,Sales Associate,Female,mwilliamsonau@posterous.com
Humfried Creebo,Human Resources Manager,Female,hcreeboav@adobe.com
Mayor Burg,Developer IV,Female,mburgaw@rambler.ru
Minta Bescoby,Computer Systems Analyst IV,Female,mbescobyax@miitbeian.gov.cn
Cale Niemetz,Accounting Assistant III,Female,cniemetzay@digg.com
Nancie Vasilyev,Staff Accountant II,Female,nvasilyevaz@squidoo.com
Kory Wortt,Staff Accountant I,Male,kworttb0@lycos.com
Leela Dudhill,Staff Scientist,Female,ldudhillb1@imdb.com
Marcel Asals,Senior Cost Accountant,Male,masalsb2@opensource.org
Dirk O'Hartnedy,Geologist II,Female,dohartnedyb3@skype.com
Karney Daile,Staff Scientist,Male,kdaileb4@163.com
Maurise Pellman,VP Quality Control,Male,mpellmanb5@elpais.com
Eliot Woollons,Junior Executive,Male,ewoollonsb6@howstuffworks.com
Aland Danilovic,Software Consultant,Female,adanilovicb7@wikipedia.org
Obadiah Marcinkus,Structural Engineer,Female,omarcinkusb8@g.co
Franzen Jaffray,Mechanical Systems Engineer,Male,fjaffrayb9@artisteer.com
Evangeline Britzius,Sales Associate,Female,ebritziusba@youtube.com
Jania Fenech,Account Executive,Male,jfenechbb@umn.edu
Alasteir Jayume,Dental Hygienist,Male,ajayumebc@prlog.org
Bev Gounin,Senior Cost Accountant,Female,bgouninbd@woothemes.com
Victor Croot,Programmer II,Male,vcrootbe@blog.com
Cleo Denisyev,Developer III,Female,cdenisyevbf@nifty.com
Amanda Hortop,VP Marketing,Male,ahortopbg@rakuten.co.jp
Xavier Runcieman,Developer III,Male,xrunciemanbh@theguardian.com
Morgan Rodenburgh,Graphic Designer,Male,mrodenburghbi@reddit.com
Parke Peet,Dental Hygienist,Female,ppeetbj@nih.gov
Bradan Vakhonin,Community Outreach Specialist,Male,bvakhoninbk@mtv.com
Godard Godlee,Civil Engineer,Male,ggodleebl@ucoz.com
Sorcha Wanjek,Quality Control Specialist,Male,swanjekbm@ehow.com
Gustie Langhorn,Nurse Practicioner,Female,glanghornbn@vinaora.com
Alessandra Astill,Sales Representative,Female,aastillbo@salon.com
Sioux McCome,Human Resources Manager,Male,smccomebp@vistaprint.com
Perren MacElholm,Associate Professor,Female,pmacelholmbq@about.me
Tyson Evers,Social Worker,Male,teversbr@domainmarket.com
Zebadiah Gookes,Analog Circuit Design manager,Female,zgookesbs@nature.com
Leonora Bownes,Human Resources Assistant I,Female,lbownesbt@earthlink.net
Amandy Camfield,Programmer Analyst II,Female,acamfieldbu@huffingtonpost.com
Clem Dwyer,Account Representative II,Female,cdwyerbv@icq.com
Vinny Pace,Pharmacist,Male,vpacebw@fema.gov
Brody Brenard,Mechanical Systems Engineer,Female,bbrenardbx@mit.edu
Lucia Cusack,Occupational Therapist,Male,lcusackby@dagondesign.com
Ilario Pandey,Product Engineer,Male,ipandeybz@theatlantic.com
Shannen Chewter,Financial Advisor,Female,schewterc0@themeforest.net
Pippy Jorio,Software Engineer II,Female,pjorioc1@microsoft.com
Cletus Kemmett,Nuclear Power Engineer,Male,ckemmettc2@unicef.org
Killy Pardue,Recruiting Manager,Female,kparduec3@ibm.com
Aland McNulty,Staff Accountant III,Female,amcnultyc4@nationalgeographic.com
Maximo Meth,Marketing Assistant,Female,mmethc5@dropbox.com
Evy Eltringham,Director of Sales,Female,eeltringhamc6@telegraph.co.uk
Jordana Makin,Automation Specialist IV,Male,jmakinc7@mapy.cz
Rowen Rigts,Civil Engineer,Female,rrigtsc8@google.com.hk
Tobi Dabels,Paralegal,Male,tdabelsc9@abc.net.au
Connor Lillow,Paralegal,Male,clillowca@deliciousdays.com
Godard Tanti,Pharmacist,Female,gtanticb@oaic.gov.au
Stephana Almack,Administrative Assistant II,Male,salmackcc@dyndns.org
Brandtr Morford,Executive Secretary,Male,bmorfordcd@weebly.com
Arty Ragbourne,Programmer I,Male,aragbournece@hubpages.com
Devonne Chaudhry,Chief Design Engineer,Female,dchaudhrycf@bigcartel.com
Perren Quick,Registered Nurse,Male,pquickcg@ted.com
Bonnee Pottberry,Social Worker,Male,bpottberrych@techcrunch.com
Konrad De Moreno,Senior Sales Associate,Male,kdeci@globo.com
Mord Bartalucci,Media Manager II,Male,mbartaluccicj@unblog.fr
Barde Disbrey,Database Administrator II,Female,bdisbreyck@etsy.com
Leonore Crallan,Programmer I,Female,lcrallancl@sbwire.com
Ericha Thrift,Senior Quality Engineer,Male,ethriftcm@google.es
Erminie Wedlock,Recruiter,Female,ewedlockcn@youtube.com
Peri Gartin,Graphic Designer,Female,pgartinco@xinhuanet.com
Mikel Harbison,Assistant Manager,Female,mharbisoncp@va.gov
Romonda Rabl,Electrical Engineer,Male,rrablcq@linkedin.com
Burlie Dissman,VP Quality Control,Female,bdissmancr@sbwire.com
Beulah Spare,Financial Advisor,Female,bsparecs@mapquest.com
Dunc Hucknall,Administrative Officer,Male,dhucknallct@jigsy.com
Joelly Brighty,Electrical Engineer,Female,jbrightycu@topsy.com
Roxane McCaughran,Registered Nurse,Female,rmccaughrancv@narod.ru
Ardisj Villaron,Web Designer IV,Female,avillaroncw@bloomberg.com
Inigo Heatlie,Account Executive,Male,iheatliecx@jimdo.com
Beret Pitherick,Human Resources Manager,Male,bpitherickcy@blogspot.com
Shell Daber,Web Developer I,Male,sdabercz@free.fr
Aili Joel,Graphic Designer,Female,ajoeld0@fastcompany.com
Bren Carnew,VP Sales,Male,bcarnewd1@google.cn
Findlay Akker,Quality Control Specialist,Female,fakkerd2@amazon.com
Auria Linbohm,Programmer IV,Male,alinbohmd3@icq.com
Clarisse Perigoe,Account Representative II,Male,cperigoed4@springer.com
Blaine Clitheroe,Business Systems Development Analyst,Male,bclitheroed5@tuttocitta.it
Budd Cowwell,VP Marketing,Male,bcowwelld6@springer.com
Worthington Lacroix,Safety Technician III,Female,wlacroixd7@epa.gov
Remus Carslaw,Office Assistant II,Female,rcarslawd8@accuweather.com
Vida Coolson,Legal Assistant,Female,vcoolsond9@people.com.cn
Pasquale Meatyard,Nurse,Male,pmeatyardda@godaddy.com
Tracie Nother,Data Coordiator,Female,tnotherdb@indiegogo.com
Harp Vesco,Actuary,Female,hvescodc@unc.edu
Helen-elizabeth Ochterlony,Civil Engineer,Male,hochterlonydd@cnn.com
Ranee Doolan,GIS Technical Architect,Female,rdoolande@paypal.com
Tiffany Fanning,Software Engineer I,Female,tfanningdf@xrea.com
Zebedee Owain,Software Engineer I,Female,zowaindg@etsy.com
Murdoch Renne,Web Designer III,Male,mrennedh@people.com.cn
Evvie Lawman,Geologist III,Female,elawmandi@usgs.gov
Burke Caesar,Accountant III,Female,bcaesardj@sphinn.com
Evanne Ell,Technical Writer,Male,eelldk@g.co
Alicea Janman,Web Designer III,Male,ajanmandl@apache.org
Alan Whetton,General Manager,Male,awhettondm@amazon.co.uk
Joanie Crowther,VP Marketing,Female,jcrowtherdn@admin.ch
Beckie Reily,Professor,Male,breilydo@vimeo.com
Haslett Verity,Occupational Therapist,Male,hveritydp@cam.ac.uk
Averill Philippet,Automation Specialist III,Male,aphilippetdq@google.es
Edithe Benjafield,Food Chemist,Female,ebenjafielddr@homestead.com
Drud Heditch,Chemical Engineer,Female,dheditchds@hexun.com
Berti Derington,Geologist II,Female,bderingtondt@state.tx.us
Ingra Clay,Quality Control Specialist,Male,iclaydu@apache.org
Gerrie Pierce,Data Coordiator,Female,gpiercedv@princeton.edu
Blondell Coppen,Staff Scientist,Male,bcoppendw@sfgate.com
Celestyna Kilfether,Nurse,Female,ckilfetherdx@slashdot.org
Vania Thorowgood,Teacher,Male,vthorowgooddy@dyndns.org
Kinny Meekin,Payment Adjustment Coordinator,Female,kmeekindz@1und1.de
Katharina Dumbell,Structural Engineer,Female,kdumbelle0@seesaa.net
Forester Keningley,Editor,Male,fkeningleye1@simplemachines.org
Rosamund Riquet,Clinical Specialist,Male,rriquete2@nytimes.com
Celestyna Leyborne,Mechanical Systems Engineer,Female,cleybornee3@plala.or.jp
Kathleen Bodycote,VP Marketing,Male,kbodycotee4@barnesandnoble.com
Shirline Rotter,Operator,Male,srottere5@imageshack.us
Nowell Brenton,Technical Writer,Male,nbrentone6@usa.gov
Liz Narramore,Assistant Manager,Female,lnarramoree7@barnesandnoble.com
Danyelle Poel,Accounting Assistant I,Male,dpoele8@mayoclinic.com
Cullin Collihole,Sales Representative,Male,ccolliholee9@indiatimes.com
Ingram Claypool,Structural Engineer,Female,iclaypoolea@sakura.ne.jp
Patrica Dovey,Senior Editor,Female,pdoveyeb@exblog.jp
Josee Houlahan,Compensation Analyst,Female,jhoulahanec@dagondesign.com
Francoise Siviter,Sales Associate,Male,fsivitered@sina.com.cn
Leelah Crole,Environmental Specialist,Male,lcroleee@amazon.de
Eleanora Marchent,Marketing Assistant,Male,emarchentef@si.edu
Lindie Girton,Food Chemist,Female,lgirtoneg@google.ca
Bria Benedettini,GIS Technical Architect,Female,bbenedettinieh@dropbox.com
Wally Godfree,Chemical Engineer,Male,wgodfreeei@naver.com
Ashil Heller,Assistant Professor,Male,ahellerej@foxnews.com
Ashly Poytres,Analog Circuit Design manager,Male,apoytresek@hp.com
Uriel Karlmann,Administrative Officer,Male,ukarlmannel@nsw.gov.au
Dara Blankhorn,Account Representative II,Male,dblankhornem@csmonitor.com
Sherill Shakesby,Chemical Engineer,Female,sshakesbyen@tiny.cc
Brandtr Martinets,Teacher,Male,bmartinetseo@google.com
Loutitia Cussons,Software Consultant,Male,lcussonsep@tinyurl.com
Tremain Mahaddie,Librarian,Male,tmahaddieeq@time.com
Kristofor House,Civil Engineer,Male,khouseer@bloglines.com
Delly Sillwood,Senior Financial Analyst,Male,dsillwoodes@ameblo.jp
Chrystal Trounce,Social Worker,Female,ctrounceet@princeton.edu
Robyn Roussell,Senior Cost Accountant,Female,rrousselleu@gravatar.com
Eimile Alders,Administrative Assistant IV,Female,ealdersev@merriam-webster.com
Ketty Tilney,Technical Writer,Male,ktilneyew@bloomberg.com
Creighton de Savery,Operator,Male,cdeex@youtu.be
Junie Babb,Senior Developer,Female,jbabbey@bizjournals.com
Vanda Delacroix,Actuary,Male,vdelacroixez@surveymonkey.com
Booth Burniston,Senior Editor,Male,bburnistonf0@skyrock.com
Trace Urion,Safety Technician II,Female,turionf1@tmall.com
Nicolea Scaysbrook,Senior Sales Associate,Male,nscaysbrookf2@parallels.com
Rozamond Spall,Recruiter,Female,rspallf3@about.me
Raff Zylberdik,Administrative Assistant I,Male,rzylberdikf4@imageshack.us
Sanders Babon,Developer II,Male,sbabonf5@marriott.com
Rutledge McGrotty,Project Manager,Female,rmcgrottyf6@xinhuanet.com
Sholom Geldert,Data Coordiator,Female,sgeldertf7@admin.ch
Francesco Binch,Editor,Male,fbinchf8@hubpages.com
Krystyna Trott,Help Desk Technician,Female,ktrottf9@imageshack.us
Elly Alleyn,Senior Cost Accountant,Male,ealleynfa@wikispaces.com
Eryn Kiellor,Legal Assistant,Female,ekiellorfb@paginegialle.it
Miof mela Maciunas,Developer III,Male,mmelafc@lulu.com
Carlin Lipgens,Electrical Engineer,Female,clipgensfd@geocities.jp
Kendricks Rothchild,Teacher,Female,krothchildfe@biblegateway.com
Cynde Happel,Database Administrator III,Female,chappelff@bluehost.com
Montague Cheesley,Software Engineer I,Male,mcheesleyfg@usatoday.com
Dickie Fabri,Community Outreach Specialist,Female,dfabrifh@springer.com
Hortense Danniel,Statistician I,Female,hdannielfi@reddit.com
Ingelbert Sommerland,Legal Assistant,Female,isommerlandfj@people.com.cn
Rozalin Topes,Environmental Specialist,Female,rtopesfk@angelfire.com
Annabella Spurling,Health Coach I,Male,aspurlingfl@cocolog-nifty.com
Merrel Cabrara,Legal Assistant,Male,mcabrarafm@vistaprint.com
Myron McQuin,Nurse,Female,mmcquinfn@1688.com
Aland MacKimmie,Financial Advisor,Male,amackimmiefo@ucoz.com
Millie Catling,Financial Advisor,Male,mcatlingfp@epa.gov
Hercules Crebbin,Web Designer III,Female,hcrebbinfq@washingtonpost.com
Olenka Starbucke,Senior Financial Analyst,Male,ostarbuckefr@mtv.com
Izabel Mc Caghan,Engineer IV,Female,imcfs@eepurl.com
Patty Kenworthey,Assistant Manager,Female,pkenwortheyft@bigcartel.com
Kimball Cogley,Design Engineer,Female,kcogleyfu@narod.ru
Joseito Sleet,Assistant Manager,Male,jsleetfv@alibaba.com
Nickolas Gossage,Human Resources Manager,Female,ngossagefw@github.com
Cory Ledford,Database Administrator III,Female,cledfordfx@geocities.com
Pembroke Keynes,Financial Advisor,Female,pkeynesfy@reuters.com
Cassy Margett,Cost Accountant,Male,cmargettfz@amazonaws.com
Guenna Pursey,Analog Circuit Design manager,Male,gpurseyg0@example.com
Devin Sauven,Technical Writer,Female,dsauveng1@live.com
Robinia Newlands,Director of Sales,Male,rnewlandsg2@etsy.com
Hildegaard MacInnes,Assistant Manager,Female,hmacinnesg3@slideshare.net
Walther Cortez,Nuclear Power Engineer,Female,wcortezg4@google.ca
Jennie Roscamp,Chemical Engineer,Male,jroscampg5@facebook.com
Aili Smallbone,Payment Adjustment Coordinator,Female,asmallboneg6@amazon.co.jp
Julia Bussel,Engineer I,Female,jbusselg7@earthlink.net
Garvin Dowdell,Sales Representative,Male,gdowdellg8@technorati.com
Byron Nanninini,Electrical Engineer,Male,bnannininig9@msu.edu
Anya Culpin,Technical Writer,Female,aculpinga@columbia.edu
Rosabelle Arne,Quality Control Specialist,Female,rarnegb@acquirethisname.com
Kerri Roark,Structural Engineer,Male,kroarkgc@yolasite.com
Catharine Cawkwell,Clinical Specialist,Male,ccawkwellgd@cbsnews.com
Kameko Embury,Executive Secretary,Male,kemburyge@walmart.com
Henry Tytterton,Technical Writer,Male,htyttertongf@theguardian.com
Nedda Lempel,Environmental Specialist,Male,nlempelgg@msu.edu
Jo Kienle,Help Desk Operator,Male,jkienlegh@who.int
Dal Worley,Clinical Specialist,Male,dworleygi@webmd.com
Philippine Clayill,VP Accounting,Female,pclayillgj@time.com
Benny Kensington,Tax Accountant,Female,bkensingtongk@statcounter.com
Marijn Ahlf,General Manager,Male,mahlfgl@hatena.ne.jp
Julieta Dunsford,VP Marketing,Female,jdunsfordgm@nifty.com
Rosina Messenger,Payment Adjustment Coordinator,Male,rmessengergn@army.mil
Ruben Earey,Web Developer II,Female,reareygo@wikipedia.org
Ophelie Cottle,Senior Sales Associate,Female,ocottlegp@fc2.com
Marsh Brockest,Senior Financial Analyst,Male,mbrockestgq@wikia.com
Rolf Dumpleton,Help Desk Operator,Male,rdumpletongr@baidu.com
Bernadine Paszak,Automation Specialist IV,Male,bpaszakgs@admin.ch
Ashli Pegram,Structural Analysis Engineer,Male,apegramgt@mapy.cz
Christoffer Thornally,Community Outreach Specialist,Male,cthornallygu@reverbnation.com
Alfredo Howel,Design Engineer,Female,ahowelgv@tinyurl.com
Cassandra Dachs,Senior Developer,Female,cdachsgw@theatlantic.com
Odey Hadigate,Nurse,Female,ohadigategx@sciencedaily.com
Katy Dwyer,Associate Professor,Female,kdwyergy@pinterest.com
Shawn Arpino,Biostatistician II,Male,sarpinogz@liveinternet.ru
Kimball Bettleson,Clinical Specialist,Male,kbettlesonh0@reference.com
Sloane Pinney,Account Representative I,Male,spinneyh1@livejournal.com
Karen Bust,Executive Secretary,Female,kbusth2@dagondesign.com
Kristina Okey,Geologist I,Male,kokeyh3@nps.gov
Edee Hane,Help Desk Technician,Female,ehaneh4@msn.com
Aldon Thripp,Account Representative I,Male,athripph5@si.edu
Tybie Fishley,Health Coach I,Male,tfishleyh6@alibaba.com
Red Kimmel,Speech Pathologist,Female,rkimmelh7@g.co
Willy Peppard,Environmental Specialist,Male,wpeppardh8@mail.ru
Tiphany Chalice,Legal Assistant,Female,tchaliceh9@example.com
Sheree Gilhooly,VP Quality Control,Male,sgilhoolyha@vimeo.com
Griz Senussi,Desktop Support Technician,Male,gsenussihb@mozilla.com
Frasco Algie,Software Consultant,Female,falgiehc@naver.com
Leicester Bunner,VP Marketing,Male,lbunnerhd@pinterest.com
Rodolph Coltart,Sales Associate,Female,rcoltarthe@parallels.com
Aylmer Pinchen,Physical Therapy Assistant,Female,apinchenhf@wiley.com
Fredric Tinto,Statistician IV,Female,ftintohg@cpanel.net
Jo-ann Yanez,Human Resources Manager,Female,jyanezhh@who.int
Dodi Afonso,Assistant Professor,Female,dafonsohi@hibu.com
Winnah Lassells,VP Product Management,Male,wlassellshj@ted.com
Analise Siggin,Automation Specialist III,Female,asigginhk@constantcontact.com
Waylen Carlsson,Mechanical Systems Engineer,Female,wcarlssonhl@eepurl.com
Jeana Gunnell,Graphic Designer,Female,jgunnellhm@wufoo.com
Pace Leverette,Physical Therapy Assistant,Male,pleverettehn@dmoz.org
Thibaud Curragh,Software Test Engineer II,Female,tcurraghho@multiply.com
Dorothy Nuzzti,VP Marketing,Male,dnuzztihp@last.fm
Binky Kirby,Design Engineer,Female,bkirbyhq@soundcloud.com
Fallon Pieterick,Business Systems Development Analyst,Female,fpieterickhr@exblog.jp
Gabbi Tourville,Human Resources Assistant IV,Female,gtourvillehs@phoca.cz
Garland Alfonso,Office Assistant III,Female,galfonsoht@nationalgeographic.com
Tamas Bonner,Marketing Manager,Female,tbonnerhu@networksolutions.com
Kaitlyn Littledike,Staff Accountant IV,Female,klittledikehv@cbsnews.com
Ida Keach,Compensation Analyst,Male,ikeachhw@alibaba.com
Winn Jumeau,Assistant Professor,Female,wjumeauhx@amazonaws.com
Cordula Bielfeldt,Project Manager,Female,cbielfeldthy@ibm.com
Daisi Diddams,Safety Technician III,Male,ddiddamshz@ucla.edu
Shell Mandry,GIS Technical Architect,Female,smandryi0@nih.gov
Mahmoud Croan,Help Desk Technician,Male,mcroani1@flavors.me
Quinlan Folger,VP Marketing,Male,qfolgeri2@sphinn.com
Pietrek Soan,Structural Engineer,Male,psoani3@blogger.com
Howey Linwood,Project Manager,Female,hlinwoodi4@flickr.com
Dolores Belcham,VP Product Management,Female,dbelchami5@cisco.com
Nial Kemshell,Internal Auditor,Male,nkemshelli6@icio.us
Clem Halwood,Health Coach IV,Female,chalwoodi7@mapquest.com
Loise Abrahim,Editor,Male,labrahimi8@unesco.org
Gwennie Philson,Recruiting Manager,Female,gphilsoni9@prlog.org
Whitman Stoggell,Software Test Engineer I,Female,wstoggellia@opera.com
Welbie Hessel,Account Executive,Female,whesselib@booking.com
Carter Lebel,Automation Specialist II,Female,clebelic@jigsy.com
Charline Loidl,Community Outreach Specialist,Male,cloidlid@vistaprint.com
Demott Rymill,Senior Developer,Female,drymillie@nationalgeographic.com
Sarine Freen,Assistant Manager,Male,sfreenif@npr.org
Marcie Liveing,Senior Financial Analyst,Male,mliveingig@infoseek.co.jp
Karla Hailes,Product Engineer,Male,khailesih@buzzfeed.com
Lucais Skepper,Web Developer II,Male,lskepperii@t.co
Ugo Hargrove,Engineer II,Male,uhargroveij@cmu.edu
Neddy Ferentz,Recruiter,Male,nferentzik@imdb.com
Caryl Ollerearnshaw,Information Systems Manager,Male,collerearnshawil@amazon.co.jp
Vannie Rabidge,Assistant Professor,Male,vrabidgeim@exblog.jp
Emili Friedenbach,Associate Professor,Female,efriedenbachin@sbwire.com
Whit Santos,Research Associate,Female,wsantosio@ebay.co.uk
Reena Bramham,Technical Writer,Female,rbramhamip@tripadvisor.com
Zach Cabena,Registered Nurse,Female,zcabenaiq@storify.com
Connie Godman,Office Assistant IV,Female,cgodmanir@quantcast.com
Osbourne Engall,Research Associate,Female,oengallis@wordpress.com
Joella Nutley,Accounting Assistant IV,Male,jnutleyit@feedburner.com
Christos Speake,Tax Accountant,Female,cspeakeiu@mayoclinic.com
Sigfrid Gobolos,Accounting Assistant I,Male,sgobolosiv@g.co
Stormie Senter,General Manager,Male,ssenteriw@vk.com
Curt Holton,Assistant Professor,Female,choltonix@who.int
Emmey Brabin,Graphic Designer,Female,ebrabiniy@ifeng.com
Hendrika Gorries,Staff Accountant III,Male,hgorriesiz@google.it
Blancha Gettens,Clinical Specialist,Male,bgettensj0@home.pl
Ophelia Alenov,Desktop Support Technician,Male,oalenovj1@lulu.com
Jeanine Belz,Environmental Tech,Male,jbelzj2@ft.com
Cyndia Waby,VP Sales,Female,cwabyj3@live.com
Dierdre Fearneley,VP Marketing,Female,dfearneleyj4@ustream.tv
Allissa Sexon,Research Nurse,Male,asexonj5@prnewswire.com
Eliza Holme,VP Marketing,Male,eholmej6@123-reg.co.uk
Corrianne Thicking,GIS Technical Architect,Male,cthickingj7@newyorker.com
Dieter Doig,Community Outreach Specialist,Female,ddoigj8@mit.edu
Quintilla Kurton,Payment Adjustment Coordinator,Female,qkurtonj9@newyorker.com
Bessie Goodhall,Dental Hygienist,Male,bgoodhallja@princeton.edu
Laurie Vescovo,Actuary,Female,lvescovojb@ibm.com
Torrin Annand,VP Accounting,Male,tannandjc@usa.gov
Etty Cirlos,Marketing Manager,Female,ecirlosjd@xrea.com
Matias Taunton.,Administrative Officer,Female,mtauntonje@youtube.com
Hermine Gockelen,Computer Systems Analyst II,Male,hgockelenjf@boston.com
Ruth Combe,GIS Technical Architect,Male,rcombejg@51.la
Donny Chellenham,Financial Analyst,Female,dchellenhamjh@columbia.edu
Tammi Keating,Legal Assistant,Female,tkeatingji@hhs.gov
Ruthanne Hillatt,Programmer II,Female,rhillattjj@wunderground.com
Kylila Pieper,Human Resources Assistant I,Female,kpieperjk@google.nl
Jefferey Tommen,Tax Accountant,Female,jtommenjl@reverbnation.com
Adolphe Levick,Geologist IV,Female,alevickjm@shutterfly.com
Lorain O'Rourke,Nurse,Male,lorourkejn@foxnews.com
Bel Gossop,Electrical Engineer,Male,bgossopjo@1688.com
Iggy Baldam,Geological Engineer,Female,ibaldamjp@t.co
Elena Dominichelli,Health Coach II,Male,edominichellijq@amazon.co.jp
Arlette Oake,Computer Systems Analyst III,Male,aoakejr@kickstarter.com
Stella Bazoge,Programmer II,Male,sbazogejs@berkeley.edu
Laney Nafziger,Payment Adjustment Coordinator,Male,lnafzigerjt@cdc.gov
Delmar Whaley,Nurse,Female,dwhaleyju@marketwatch.com
Bari Stobie,Chief Design Engineer,Female,bstobiejv@microsoft.com
Giacomo Critchley,Accounting Assistant IV,Female,gcritchleyjw@jalbum.net
Kingston Jodrelle,Product Engineer,Female,kjodrellejx@youtube.com
Tobias Peplay,Account Executive,Male,tpeplayjy@printfriendly.com
Jacky Oury,Nurse,Male,jouryjz@wikipedia.org
Esdras Trumper,Project Manager,Female,etrumperk0@newyorker.com
Happy Ledwidge,Help Desk Operator,Male,hledwidgek1@stanford.edu
Packston Etock,Product Engineer,Male,petockk2@alibaba.com
Shirley Haynes,General Manager,Male,shaynesk3@discovery.com
Veronica Deering,Senior Sales Associate,Female,vdeeringk4@surveymonkey.com
Roz Hofler,VP Product Management,Male,rhoflerk5@paginegialle.it
Graehme Marcos,Sales Representative,Male,gmarcosk6@unblog.fr
Tressa Izakson,Librarian,Male,tizaksonk7@weibo.com
Gwendolyn Synan,Software Test Engineer III,Male,gsynank8@multiply.com
Sonya Bettridge,Analog Circuit Design manager,Male,sbettridgek9@ft.com
Baird Edlestone,Developer II,Male,bedlestoneka@goo.gl
Broddie Maykin,Human Resources Manager,Female,bmaykinkb@geocities.jp
Rosco Padson,Account Coordinator,Female,rpadsonkc@mac.com
Justin Lamball,Human Resources Manager,Female,jlamballkd@ameblo.jp
Pepillo Taunton,Dental Hygienist,Male,ptauntonke@spotify.com
Sallyann Vigus,Budget/Accounting Analyst IV,Female,sviguskf@dion.ne.jp
Claiborne Gianettini,Mechanical Systems Engineer,Female,cgianettinikg@fema.gov
Tim Vedyaev,Senior Financial Analyst,Male,tvedyaevkh@fc2.com
Phebe Hanny,General Manager,Female,phannyki@ustream.tv
Andi Cleynaert,Research Nurse,Female,acleynaertkj@wordpress.org
Tova Kerans,Senior Financial Analyst,Male,tkeranskk@sourceforge.net
Kira Sealove,Database Administrator I,Female,ksealovekl@ftc.gov
Hercule Robard,Senior Editor,Male,hrobardkm@wix.com
Demetre Guidoni,Financial Analyst,Female,dguidonikn@wordpress.org
Fonz Bolgar,Account Representative I,Female,fbolgarko@omniture.com
Hollie Grinin,Physical Therapy Assistant,Female,hgrininkp@live.com
Cathee Glazyer,Health Coach III,Female,cglazyerkq@a8.net
Ennis Stedson,Geological Engineer,Male,estedsonkr@narod.ru
Flory Kenforth,Chemical Engineer,Female,fkenforthks@deviantart.com
Isaiah Trotter,Senior Financial Analyst,Female,itrotterkt@deliciousdays.com
Lari Deener,Internal Auditor,Female,ldeenerku@shop-pro.jp
Kingsly Patriskson,Statistician I,Female,kpatrisksonkv@amazon.de
Halley Fautley,Teacher,Male,hfautleykw@pinterest.com
Emelda Mars,VP Product Management,Male,emarskx@oaic.gov.au
Yves Jude,Geologist II,Female,yjudeky@wix.com
Chastity Clitsome,Marketing Manager,Female,cclitsomekz@51.la
Pascal Liddiatt,Librarian,Male,pliddiattl0@ted.com
Rey Cella,Budget/Accounting Analyst II,Female,rcellal1@sphinn.com
Briano Brum,Staff Accountant IV,Male,bbruml2@goo.ne.jp
Wayland McManus,Operator,Female,wmcmanusl3@so-net.ne.jp
Clarke Asey,Geological Engineer,Female,caseyl4@sbwire.com
Thedric Extil,Biostatistician II,Female,textill5@boston.com
Elayne Elcome,Human Resources Manager,Female,eelcomel6@hubpages.com
Nady Corkitt,Structural Engineer,Female,ncorkittl7@yellowbook.com
Cristina Baskerfield,Human Resources Manager,Female,cbaskerfieldl8@springer.com
Marlyn Pentelow,Community Outreach Specialist,Male,mpentelowl9@tinyurl.com
Peadar Yukhnev,Software Engineer III,Female,pyukhnevla@technorati.com
Kinnie Wellfare,Design Engineer,Female,kwellfarelb@fotki.com
Jerome Kuhnt,Clinical Specialist,Female,jkuhntlc@ucoz.com
Cele Andress,Media Manager II,Female,candressld@google.nl
Annecorinne Rives,Web Developer I,Female,arivesle@wikispaces.com
Valeda Gourlie,Health Coach IV,Male,vgourlielf@gov.uk
Codee Roseveare,Staff Accountant II,Male,crosevearelg@goo.ne.jp
Georgy Vannoni,Technical Writer,Female,gvannonilh@ucoz.ru
Dominique Reimer,Software Consultant,Female,dreimerli@constantcontact.com
Duff Polack,Analog Circuit Design manager,Male,dpolacklj@sina.com.cn
Melody Rennick,Director of Sales,Female,mrennicklk@oaic.gov.au
Marillin Bachnic,Registered Nurse,Female,mbachnicll@dyndns.org
Sherwin Raine,Environmental Specialist,Female,srainelm@nature.com
Curtice Romans,Compensation Analyst,Female,cromansln@baidu.com
Lilian Yakubowicz,Geological Engineer,Female,lyakubowiczlo@ustream.tv
Starr Truin,Quality Control Specialist,Female,struinlp@mapquest.com
Aldous Wytchard,General Manager,Male,awytchardlq@so-net.ne.jp
Charita Steanyng,Structural Engineer,Male,csteanynglr@dell.com
Clim Templar,Database Administrator IV,Male,ctemplarls@umich.edu
Stacy Tippings,Editor,Female,stippingslt@seesaa.net
Karleen Thrustle,Senior Financial Analyst,Female,kthrustlelu@qq.com
Dunc Comberbach,Operator,Male,dcomberbachlv@furl.net
Maurine Gregine,Mechanical Systems Engineer,Male,mgreginelw@samsung.com
Gerri Cotman,Account Executive,Female,gcotmanlx@geocities.com
Byron Dusting,Engineer I,Male,bdustingly@sfgate.com
Trenna Snelson,Social Worker,Female,tsnelsonlz@house.gov
Kin Furmston,Statistician I,Male,kfurmstonm0@linkedin.com
Malina Doreward,Pharmacist,Male,mdorewardm1@princeton.edu
Cecil Trow,Physical Therapy Assistant,Female,ctrowm2@jimdo.com
Florence Brandt,Administrative Assistant II,Female,fbrandtm3@squarespace.com
Gage Rickarsey,Assistant Manager,Male,grickarseym4@usa.gov
Elset Branch,Editor,Male,ebranchm5@google.de
Lucie Ricciardelli,Editor,Male,lricciardellim6@mail.ru
Chaddie MacPhaden,Speech Pathologist,Female,cmacphadenm7@opera.com
Irina Marrill,Desktop Support Technician,Female,imarrillm8@dropbox.com
Fayre Maccaddie,VP Accounting,Female,fmaccaddiem9@mozilla.org
Kleon Clapston,Assistant Manager,Male,kclapstonma@gmpg.org
Aarika Mercik,Paralegal,Male,amercikmb@amazonaws.com
Sansone Blay,Environmental Tech,Male,sblaymc@craigslist.org
Yank Beves,Geologist IV,Male,ybevesmd@nature.com
Fenelia Salsberg,Account Coordinator,Male,fsalsbergme@telegraph.co.uk
Bibi Lyness,Librarian,Male,blynessmf@livejournal.com
Tiphany Kosel,Dental Hygienist,Female,tkoselmg@vk.com
Jermain Rimmington,Structural Analysis Engineer,Female,jrimmingtonmh@trellian.com
Julius Gladwish,Recruiter,Male,jgladwishmi@tripadvisor.com
Dedie Dmtrovic,GIS Technical Architect,Female,ddmtrovicmj@marketwatch.com
Grayce Norcott,VP Sales,Female,gnorcottmk@forbes.com
Thomasin Poulden,Social Worker,Male,tpouldenml@icio.us
Carlita Haug,Web Designer IV,Male,chaugmm@abc.net.au
Caspar Braund,Operator,Female,cbraundmn@oaic.gov.au
Marjie Pyrah,Quality Control Specialist,Female,mpyrahmo@pen.io
Aloysius Brunke,Marketing Assistant,Female,abrunkemp@twitter.com
Forrester Dumbellow,Statistician I,Female,fdumbellowmq@bigcartel.com
Natividad Nowakowski,Human Resources Manager,Male,nnowakowskimr@uiuc.edu
Shurlocke Wagen,Human Resources Manager,Female,swagenms@wired.com
Towney Cleaveland,Executive Secretary,Male,tcleavelandmt@lycos.com
Clareta Carlet,Engineer I,Male,ccarletmu@narod.ru
Harris Bantick,Account Coordinator,Female,hbantickmv@gov.uk
Lizzie Hiner,Senior Sales Associate,Male,lhinermw@nasa.gov
Kerwin Siddeley,Systems Administrator IV,Male,ksiddeleymx@virginia.edu
Roobbie Liversage,Research Assistant I,Female,rliversagemy@army.mil
Papagena Yanne,Health Coach III,Male,pyannemz@ehow.com
Adrea Jopke,Account Executive,Female,ajopken0@unblog.fr
Abbey Iskow,Analyst Programmer,Male,aiskown1@dedecms.com
Beverie Lugden,Research Nurse,Female,blugdenn2@google.cn
Lawton Overstreet,Product Engineer,Female,loverstreetn3@de.vu
Amelita Lyst,Environmental Specialist,Male,alystn4@cdbaby.com
Menard Strachan,Project Manager,Female,mstrachann5@google.ca
Jocelin Risebarer,VP Quality Control,Male,jrisebarern6@goo.ne.jp
Rosanna O'Deegan,Quality Control Specialist,Male,rodeegann7@mediafire.com
Harrietta Twaits,Executive Secretary,Male,htwaitsn8@ibm.com
Darcey Tiron,Payment Adjustment Coordinator,Female,dtironn9@google.co.uk
Courtnay Dawidowicz,Research Nurse,Female,cdawidowiczna@nifty.com
Cathe Eadmeades,Nuclear Power Engineer,Male,ceadmeadesnb@hostgator.com
Aileen Estcourt,Associate Professor,Male,aestcourtnc@washingtonpost.com
Tiffani Macbeth,Technical Writer,Female,tmacbethnd@infoseek.co.jp
Mario Carlyle,Engineer III,Female,mcarlylene@ocn.ne.jp
Lucille Shillitto,Research Assistant I,Female,lshillittonf@51.la
Silas Kirton,Compensation Analyst,Female,skirtonng@dot.gov
Nonna Darben,Pharmacist,Female,ndarbennh@seesaa.net
Lanita Elsom,Editor,Male,lelsomni@samsung.com
Carly Birtchnell,Payment Adjustment Coordinator,Female,cbirtchnellnj@si.edu
Melina Trees,Account Executive,Male,mtreesnk@home.pl
Amabel Tuffield,Human Resources Assistant II,Female,atuffieldnl@wikipedia.org
Libbie Vonasek,Staff Scientist,Male,lvonaseknm@tiny.cc
Davy Bicker,Graphic Designer,Male,dbickernn@ucsd.edu
Valerie Livens,Junior Executive,Male,vlivensno@shop-pro.jp
Alisun Milier,Community Outreach Specialist,Female,amiliernp@admin.ch
Lynnelle Skeen,Payment Adjustment Coordinator,Female,lskeennq@gnu.org
Hildagarde Buxsey,Paralegal,Female,hbuxseynr@imdb.com
Tad Shuttell,Software Engineer II,Male,tshuttellns@histats.com
Norrie Andriulis,Quality Engineer,Female,nandriulisnt@google.com
Sib Juniper,Help Desk Operator,Female,sjunipernu@craigslist.org
Paten Twitty,Civil Engineer,Female,ptwittynv@ezinearticles.com
Major Dwelling,Media Manager III,Female,mdwellingnw@shinystat.com
Ellissa Olivera,Assistant Manager,Female,eoliveranx@ning.com
Bobine Wegman,Senior Cost Accountant,Female,bwegmanny@hubpages.com
Maryjo Fance,Chemical Engineer,Female,mfancenz@columbia.edu
Ravid Hamman,Social Worker,Male,rhammano0@answers.com
Burch Kilby,Senior Financial Analyst,Female,bkilbyo1@sina.com.cn
Margo Moralee,Quality Control Specialist,Male,mmoraleeo2@youku.com
Grissel Murfett,Executive Secretary,Female,gmurfetto3@unesco.org
Fanchon Malin,Accountant IV,Female,fmalino4@cloudflare.com
Kristyn Whyteman,Legal Assistant,Female,kwhytemano5@webs.com
Noe McGilvary,Graphic Designer,Female,nmcgilvaryo6@usgs.gov
Maudie Gabites,Automation Specialist III,Female,mgabiteso7@i2i.jp
Agatha Craythorn,Dental Hygienist,Female,acraythorno8@mlb.com
Baudoin Brigginshaw,VP Accounting,Male,bbrigginshawo9@myspace.com
Sander Tabourier,Administrative Assistant I,Female,stabourieroa@reverbnation.com
Jennica Ferraro,Compensation Analyst,Male,jferraroob@netlog.com
Sean Newbury,Internal Auditor,Female,snewburyoc@hugedomains.com
Eldon Astell,Human Resources Manager,Female,eastellod@state.tx.us
Lizabeth Bannerman,Staff Accountant III,Female,lbannermanoe@addthis.com
Jacquelin Drennan,Analyst Programmer,Female,jdrennanof@moonfruit.com
Saleem Becker,Professor,Female,sbeckerog@netvibes.com
Ring Franzonello,Media Manager IV,Male,rfranzonellooh@phpbb.com
Korella Mariault,General Manager,Female,kmariaultoi@exblog.jp
Nonah Adamiak,Administrative Officer,Female,nadamiakoj@istockphoto.com
Vivi Wase,Staff Accountant I,Male,vwaseok@godaddy.com
Doyle Glide,Junior Executive,Male,dglideol@youtube.com
Estrellita Syder,Analyst Programmer,Female,esyderom@yellowbook.com
Tracie Turbefield,Sales Associate,Female,tturbefieldon@utexas.edu
Silvie Macia,Analyst Programmer,Male,smaciaoo@behance.net
Averyl Frankom,VP Marketing,Female,afrankomop@squarespace.com
Noll Woodhouse,Geologist III,Male,nwoodhouseoq@umn.edu
Rufus Clarabut,Software Engineer I,Female,rclarabutor@thetimes.co.uk
Gerri Riccard,Social Worker,Female,griccardos@ehow.com
Kristopher MacConnechie,Senior Cost Accountant,Female,kmacconnechieot@engadget.com
Clarie Loyd,Chemical Engineer,Female,cloydou@sbwire.com
Jorie Tregea,Accountant I,Male,jtregeaov@yandex.ru
Roda Hurdedge,Dental Hygienist,Female,rhurdedgeow@admin.ch
Willa Branney,Physical Therapy Assistant,Male,wbranneyox@hp.com
Erv Giacubbo,Design Engineer,Female,egiacubbooy@qq.com
Sharyl Pritchett,Media Manager IV,Female,spritchettoz@washington.edu
Wally Ingarfill,Dental Hygienist,Male,wingarfillp0@dot.gov
Sampson Saxelby,Programmer III,Female,ssaxelbyp1@businessinsider.com
Agnes Kelner,Payment Adjustment Coordinator,Female,akelnerp2@so-net.ne.jp
Carney Antoinet,Librarian,Male,cantoinetp3@dailymotion.com
Corliss Nekrews,Sales Associate,Male,cnekrewsp4@patch.com
Barris Pitkeathley,Assistant Media Planner,Female,bpitkeathleyp5@pbs.org
Ira Allenson,Chemical Engineer,Female,iallensonp6@loc.gov
Roxy Overshott,Developer I,Female,rovershottp7@illinois.edu
Bernadene Albrighton,Civil Engineer,Male,balbrightonp8@wisc.edu
Shoshanna Baptista,Legal Assistant,Female,sbaptistap9@ucoz.ru
Carney Nicol,Media Manager II,Female,cnicolpa@bigcartel.com
Ulla Barnby,Environmental Specialist,Female,ubarnbypb@microsoft.com
Wylma Camell,Project Manager,Male,wcamellpc@w3.org
Adriane Linwood,Administrative Assistant III,Male,alinwoodpd@blogtalkradio.com
Dale Grumley,Assistant Media Planner,Female,dgrumleype@narod.ru
Garnet Pischoff,Financial Analyst,Male,gpischoffpf@accuweather.com
Hilde Shufflebotham,Financial Analyst,Female,hshufflebothampg@dion.ne.jp
Shaw Paxeford,Social Worker,Female,spaxefordph@dailymotion.com
Courtney Clousley,Operator,Male,cclousleypi@slate.com
Sophie Burmaster,Help Desk Operator,Male,sburmasterpj@si.edu
Meggy Tirkin,Software Consultant,Female,mtirkinpk@is.gd
Tallia Redmore,Human Resources Manager,Female,tredmorepl@pinterest.com
Daveen Carmo,Staff Scientist,Female,dcarmopm@ibm.com
Rodrick Daviddi,Internal Auditor,Female,rdaviddipn@nasa.gov
Korie Larkings,Media Manager IV,Female,klarkingspo@discovery.com
Sela Kissell,Automation Specialist II,Female,skissellpp@amazon.de
Belvia Bynert,Director of Sales,Male,bbynertpq@google.pl
Jocelin Daniells,Speech Pathologist,Male,jdaniellspr@github.io
Avrom Colebourn,Nurse Practicioner,Female,acolebournps@tmall.com
Annabela Clingan,Assistant Professor,Male,aclinganpt@taobao.com
Tallulah Hutt,Legal Assistant,Female,thuttpu@last.fm
Xylia Witherden,Accounting Assistant IV,Female,xwitherdenpv@tiny.cc
Emelyne Featley,Social Worker,Female,efeatleypw@umich.edu
Evey Laviste,Paralegal,Female,elavistepx@ed.gov
Dominick Davidek,Assistant Media Planner,Male,ddavidekpy@google.com
Remus Dowzell,Geological Engineer,Male,rdowzellpz@about.com
Rorke De Filippis,Cost Accountant,Female,rdeq0@list-manage.com
Annabella Aggs,Software Engineer I,Male,aaggsq1@examiner.com
Delilah Pimerick,Nuclear Power Engineer,Female,dpimerickq2@ezinearticles.com
Poul Kearton,Nuclear Power Engineer,Female,pkeartonq3@ftc.gov
Mallissa Wildes,Chemical Engineer,Female,mwildesq4@seesaa.net
Walton Queyeiro,Research Nurse,Female,wqueyeiroq5@macromedia.com
Flint Lafranconi,Programmer Analyst II,Male,flafranconiq6@elpais.com
Noam Ghest,Senior Cost Accountant,Female,nghestq7@buzzfeed.com
Corby Hauxby,GIS Technical Architect,Male,chauxbyq8@clickbank.net
Krystyna Dounbare,Librarian,Male,kdounbareq9@histats.com
Sampson McKennan,GIS Technical Architect,Female,smckennanqa@loc.gov
Gus Witter,Chief Design Engineer,Female,gwitterqb@google.com.hk
Maryanna Durant,Professor,Female,mdurantqc@goo.gl
Tamera Blumire,Programmer II,Male,tblumireqd@time.com
Rudiger Jancic,Assistant Media Planner,Male,rjancicqe@mapy.cz
Binnie Elkington,Assistant Manager,Female,belkingtonqf@ox.ac.uk
Thibaut Rolfi,Compensation Analyst,Male,trolfiqg@prnewswire.com
Alexandra Bruhnicke,Staff Scientist,Female,abruhnickeqh@elegantthemes.com
Emmalynne Leavry,Human Resources Assistant I,Male,eleavryqi@bbc.co.uk
Auberon Dwane,Senior Financial Analyst,Male,adwaneqj@nps.gov
Edwina MacClancey,VP Marketing,Male,emacclanceyqk@scribd.com
Nydia Matoshin,Senior Developer,Female,nmatoshinql@linkedin.com
Toni Giacomazzo,Human Resources Assistant III,Female,tgiacomazzoqm@csmonitor.com
Shep Shorte,Account Coordinator,Female,sshorteqn@google.es
Doralyn Ragge,Clinical Specialist,Male,draggeqo@soup.io
Letty Lindner,Research Associate,Male,llindnerqp@unblog.fr
Dylan Fattorini,Senior Financial Analyst,Male,dfattoriniqq@fda.gov
Leeann Luno,Junior Executive,Male,llunoqr@ebay.com
Fraze Hamal,Mechanical Systems Engineer,Female,fhamalqs@trellian.com
Sada Overstreet,Accountant II,Female,soverstreetqt@elegantthemes.com
Meriel Kinder,Research Associate,Female,mkinderqu@taobao.com
Clement Aucourte,Business Systems Development Analyst,Female,caucourteqv@intel.com
Caesar Littledike,Systems Administrator IV,Female,clittledikeqw@about.me
Gertrude Siman,Geological Engineer,Male,gsimanqx@craigslist.org
Otis Redborn,Health Coach IV,Female,oredbornqy@liveinternet.ru
Saloma Reynish,Assistant Professor,Female,sreynishqz@aol.com
Aaron Pranger,Environmental Specialist,Male,aprangerr0@taobao.com
Alistair Thewless,Product Engineer,Female,athewlessr1@over-blog.com
Frieda Arnoud,Operator,Male,farnoudr2@jalbum.net
Nicki Kencott,Senior Editor,Male,nkencottr3@globo.com
Collin Allwright,Account Coordinator,Female,callwrightr4@creativecommons.org
Barde Fernando,Director of Sales,Male,bfernandor5@imageshack.us
Duky Glenton,Occupational Therapist,Male,dglentonr6@ted.com
Dominic Whittaker,Senior Developer,Female,dwhittakerr7@huffingtonpost.com
Locke Sargerson,Research Nurse,Male,lsargersonr8@hugedomains.com
Brittan Groger,Senior Financial Analyst,Male,bgrogerr9@skyrock.com
Tobe Morgue,Recruiter,Female,tmorguera@businesswire.com
Eden Smees,Chemical Engineer,Female,esmeesrb@soup.io
Andromache Alexandre,Community Outreach Specialist,Female,aalexandrerc@blogger.com
Isahella Bushell,Design Engineer,Male,ibushellrd@thetimes.co.uk
Danell Thorald,Safety Technician IV,Male,dthoraldre@sourceforge.net
Angie Letteresse,Account Representative II,Male,aletteresserf@hubpages.com
Marlyn Seviour,Environmental Specialist,Male,mseviourrg@patch.com
Jessica Attle,Senior Cost Accountant,Male,jattlerh@archive.org
Mellicent Philippet,General Manager,Male,mphilippetri@accuweather.com
Elayne Brithman,Research Nurse,Male,ebrithmanrj@twitpic.com
Ade Jerrome,Executive Secretary,Female,ajerromerk@artisteer.com
Gillian Hemphill,Electrical Engineer,Female,ghemphillrl@guardian.co.uk
Zed Radclyffe,Account Coordinator,Male,zradclyfferm@princeton.edu
Amargo Drissell,VP Marketing,Male,adrissellrn@salon.com
Salvidor De Beneditti,Environmental Tech,Male,sdero@skype.com
Romonda Beastall,Compensation Analyst,Female,rbeastallrp@sohu.com
Shani Piddocke,Senior Editor,Female,spiddockerq@ning.com
Will Mc Gaughey,Assistant Media Planner,Male,wmcrr@yolasite.com
